source_name,extracted_at,location_id,city_name,country_code,date,latitude,longitude,timezone,temperature_2m_max,temperature_2m_min,temperature_2m_mean,precipitation_sum,rain_sum,snowfall_sum,wind_speed_10m_max
recent_weather,2026-07-01T14:51:26+00:00,3117735,Madrid,ES,2026-03-31,40.4375,-3.6875,Europe/Madrid,,,,,,,
recent_weather,2026-07-01T14:51:26+00:00,3117735,Madrid,ES,2026-04-01,40.4375,-3.6875,Europe/Madrid,,,,,,,
recent_weather,2026-07-01T14:51:26+00:00,3117735,Madrid,ES,2026-04-02,40.4375,-3.6875,Europe/Madrid,,,,,,,
recent_weather,2026-07-01T14:51:26+00:00,3117735,Madrid,ES,2026-04-03,40.4375,-3.6875,Europe/Madrid,,,,,,,
recent_weather,2026-07-01T14:51:26+00:00,3117735,Madrid,ES,2026-04-04,40.4375,-3.6875,Europe/Madrid,,,,,,,
recent_weather,2026-07-01T14:51:26+00:00,3117735,Madrid,ES,2026-04-05,40.4375,-3.6875,Europe/Madrid,,,,,,,
recent_weather,2026-07-01T14:51:26+00:00,3117735,Madrid,ES,2026-04-06,40.4375,-3.6875,Europe/Madrid,,,,,,,
recent_weather,2026-07-01T14:51:26+00:00,3117735,Madrid,ES,2026-04-07,40.4375,-3.6875,Europe/Madrid,,,,,,,
recent_weather,2026-07-01T14:51:26+00:00,3117735,Madrid,ES,2026-04-08,40.4375,-3.6875,Europe/Madrid,,,,,,,
recent_weather,2026-07-01T14:51:26+00:00,3117735,Madrid,ES,2026-04-09,40.4375,-3.6875,Europe/Madrid,,,,,,,
recent_weather,2026-07-01T14:51:26+00:00,3117735,Madrid,ES,2026-04-10,40.4375,-3.6875,Europe/Madrid,,,,,,,
recent_weather,2026-07-01T14:51:26+00:00,3117735,Madrid,ES,2026-04-11,40.4375,-3.6875,Europe/Madrid,,,,,,,
recent_weather,2026-07-01T14:51:26+00:00,3117735,Madrid,ES,2026-04-12,40.4375,-3.6875,Europe/Madrid,,,,,,,
recent_weather,2026-07-01T14:51:26+00:00,3117735,Madrid,ES,2026-04-13,40.4375,-3.6875,Europe/Madrid,,,,,,,
recent_weather,2026-07-01T14:51:26+00:00,3117735,Madrid,ES,2026-04-14,40.4375,-3.6875,Europe/Madrid,,,,,,,
recent_weather,2026-07-01T14:51:26+00:00,3117735,Madrid,ES,2026-04-15,40.4375,-3.6875,Europe/Madrid,,,,,,,
recent_weather,2026-07-01T14:51:26+00:00,3117735,Madrid,ES,2026-04-16,40.4375,-3.6875,Europe/Madrid,25.6,10.9,,,,,10.1
recent_weather,2026-07-01T14:51:26+00:00,3117735,Madrid,ES,2026-04-17,40.4375,-3.6875,Europe/Madrid,26.2,11.6,19.5,0.0,0.0,0.0,9.1
recent_weather,2026-07-01T14:51:26+00:00,3117735,Madrid,ES,2026-04-18,40.4375,-3.6875,Europe/Madrid,27.1,14.1,21.1,0.0,0.0,0.0,9.8
recent_weather,2026-07-01T14:51:26+00:00,3117735,Madrid,ES,2026-04-19,40.4375,-3.6875,Europe/Madrid,27.3,14.5,21.4,0.0,0.0,0.0,12.4
recent_weather,2026-07-01T14:51:26+00:00,3117735,Madrid,ES,2026-04-20,40.4375,-3.6875,Europe/Madrid,27.5,12.9,20.9,0.0,0.0,0.0,9.9
recent_weather,2026-07-01T14:51:26+00:00,3117735,Madrid,ES,2026-04-21,40.4375,-3.6875,Europe/Madrid,27.8,13.2,20.1,0.6,0.0,0.0,20.4
recent_weather,2026-07-01T14:51:26+00:00,3117735,Madrid,ES,2026-04-22,40.4375,-3.6875,Europe/Madrid,23.4,14.2,19.4,0.0,0.0,0.0,16.1
recent_weather,2026-07-01T14:51:26+00:00,3117735,Madrid,ES,2026-04-23,40.4375,-3.6875,Europe/Madrid,27.6,13.6,20.1,0.7,0.0,0.0,17.5
recent_weather,2026-07-01T14:51:26+00:00,3117735,Madrid,ES,2026-04-24,40.4375,-3.6875,Europe/Madrid,22.7,12.9,17.8,12.0,1.2,0.0,13.2
recent_weather,2026-07-01T14:51:26+00:00,3117735,Madrid,ES,2026-04-25,40.4375,-3.6875,Europe/Madrid,23.9,14.4,18.2,7.1,0.7,0.0,14.8
recent_weather,2026-07-01T14:51:26+00:00,3117735,Madrid,ES,2026-04-26,40.4375,-3.6875,Europe/Madrid,26.1,14.0,19.9,0.0,0.0,0.0,12.3
recent_weather,2026-07-01T14:51:26+00:00,3117735,Madrid,ES,2026-04-27,40.4375,-3.6875,Europe/Madrid,26.4,14.1,20.8,0.0,0.0,0.0,12.8
recent_weather,2026-07-01T14:51:26+00:00,3117735,Madrid,ES,2026-04-28,40.4375,-3.6875,Europe/Madrid,25.4,14.2,19.7,0.0,0.0,0.0,16.1
recent_weather,2026-07-01T14:51:26+00:00,3117735,Madrid,ES,2026-04-29,40.4375,-3.6875,Europe/Madrid,19.0,13.7,16.1,11.2,1.2,0.0,14.4
recent_weather,2026-07-01T14:51:26+00:00,3117735,Madrid,ES,2026-04-30,40.4375,-3.6875,Europe/Madrid,20.3,10.5,15.6,1.0,0.0,0.0,6.9
recent_weather,2026-07-01T14:51:26+00:00,3117735,Madrid,ES,2026-05-01,40.4375,-3.6875,Europe/Madrid,23.2,10.9,17.4,0.0,0.0,0.0,11.1
recent_weather,2026-07-01T14:51:26+00:00,3117735,Madrid,ES,2026-05-02,40.4375,-3.6875,Europe/Madrid,18.2,13.4,15.5,15.8,1.7,0.0,13.9
recent_weather,2026-07-01T14:51:26+00:00,3117735,Madrid,ES,2026-05-03,40.4375,-3.6875,Europe/Madrid,18.8,12.0,15.1,3.7,0.8,0.0,16.1
recent_weather,2026-07-01T14:51:26+00:00,3117735,Madrid,ES,2026-05-04,40.4375,-3.6875,Europe/Madrid,19.6,10.1,14.7,2.0,0.0,0.0,17.9
recent_weather,2026-07-01T14:51:26+00:00,3117735,Madrid,ES,2026-05-05,40.4375,-3.6875,Europe/Madrid,19.3,9.7,14.1,0.4,0.0,0.0,14.8
recent_weather,2026-07-01T14:51:26+00:00,3117735,Madrid,ES,2026-05-06,40.4375,-3.6875,Europe/Madrid,19.9,6.9,13.8,0.0,0.0,0.0,6.4
recent_weather,2026-07-01T14:51:26+00:00,3117735,Madrid,ES,2026-05-07,40.4375,-3.6875,Europe/Madrid,17.8,11.0,14.0,2.0,0.0,0.0,10.5
recent_weather,2026-07-01T14:51:26+00:00,3117735,Madrid,ES,2026-05-08,40.4375,-3.6875,Europe/Madrid,18.2,10.1,13.2,2.5,0.3,0.0,7.9
recent_weather,2026-07-01T14:51:26+00:00,3117735,Madrid,ES,2026-05-09,40.4375,-3.6875,Europe/Madrid,17.3,12.6,14.1,10.6,0.3,0.0,14.2
recent_weather,2026-07-01T14:51:26+00:00,3117735,Madrid,ES,2026-05-10,40.4375,-3.6875,Europe/Madrid,14.5,10.7,12.4,9.4,0.8,0.0,13.9
recent_weather,2026-07-01T14:51:26+00:00,3117735,Madrid,ES,2026-05-11,40.4375,-3.6875,Europe/Madrid,18.1,9.3,13.6,0.0,0.0,0.0,12.5
recent_weather,2026-07-01T14:51:26+00:00,3117735,Madrid,ES,2026-05-12,40.4375,-3.6875,Europe/Madrid,16.2,10.6,13.5,3.8,0.0,0.0,13.8
recent_weather,2026-07-01T14:51:26+00:00,3117735,Madrid,ES,2026-05-13,40.4375,-3.6875,Europe/Madrid,20.1,10.1,14.8,0.3,0.0,0.0,12.1
recent_weather,2026-07-01T14:51:26+00:00,3117735,Madrid,ES,2026-05-14,40.4375,-3.6875,Europe/Madrid,21.9,11.3,16.4,0.1,0.0,0.0,14.1
recent_weather,2026-07-01T14:51:26+00:00,3117735,Madrid,ES,2026-05-15,40.4375,-3.6875,Europe/Madrid,16.6,10.2,13.5,1.1,0.0,0.0,12.9
recent_weather,2026-07-01T14:51:26+00:00,3117735,Madrid,ES,2026-05-16,40.4375,-3.6875,Europe/Madrid,20.3,6.4,13.6,0.0,0.0,0.0,6.6
recent_weather,2026-07-01T14:51:26+00:00,3117735,Madrid,ES,2026-05-17,40.4375,-3.6875,Europe/Madrid,21.7,10.9,16.0,0.4,0.0,0.0,10.6
recent_weather,2026-07-01T14:51:26+00:00,3117735,Madrid,ES,2026-05-18,40.4375,-3.6875,Europe/Madrid,23.3,10.4,17.1,0.0,0.0,0.0,13.0
recent_weather,2026-07-01T14:51:26+00:00,3117735,Madrid,ES,2026-05-19,40.4375,-3.6875,Europe/Madrid,26.1,12.3,19.6,0.0,0.0,0.0,8.0
recent_weather,2026-07-01T14:51:26+00:00,3117735,Madrid,ES,2026-05-20,40.4375,-3.6875,Europe/Madrid,29.5,13.2,22.1,0.0,0.0,0.0,6.9
recent_weather,2026-07-01T14:51:26+00:00,3117735,Madrid,ES,2026-05-21,40.4375,-3.6875,Europe/Madrid,31.1,15.2,23.6,0.0,0.0,0.0,7.9
recent_weather,2026-07-01T14:51:26+00:00,3117735,Madrid,ES,2026-05-22,40.4375,-3.6875,Europe/Madrid,31.8,16.1,24.7,0.0,0.0,0.0,11.5
recent_weather,2026-07-01T14:51:26+00:00,3117735,Madrid,ES,2026-05-23,40.4375,-3.6875,Europe/Madrid,31.5,17.0,24.7,0.0,0.0,0.0,8.0
recent_weather,2026-07-01T14:51:26+00:00,3117735,Madrid,ES,2026-05-24,40.4375,-3.6875,Europe/Madrid,31.9,17.8,24.8,0.0,0.0,0.0,11.8
recent_weather,2026-07-01T14:51:26+00:00,3117735,Madrid,ES,2026-05-25,40.4375,-3.6875,Europe/Madrid,31.3,18.1,24.6,0.0,0.0,0.0,11.0
recent_weather,2026-07-01T14:51:26+00:00,3117735,Madrid,ES,2026-05-26,40.4375,-3.6875,Europe/Madrid,32.0,17.5,24.7,0.0,0.0,0.0,9.2
recent_weather,2026-07-01T14:51:26+00:00,3117735,Madrid,ES,2026-05-27,40.4375,-3.6875,Europe/Madrid,34.0,17.5,26.2,0.0,0.0,0.0,11.3
recent_weather,2026-07-01T14:51:26+00:00,3117735,Madrid,ES,2026-05-28,40.4375,-3.6875,Europe/Madrid,33.6,17.6,26.4,0.0,0.0,0.0,5.0
recent_weather,2026-07-01T14:51:26+00:00,3117735,Madrid,ES,2026-05-29,40.4375,-3.6875,Europe/Madrid,34.6,18.9,27.3,0.0,0.0,0.0,6.3
recent_weather,2026-07-01T14:51:26+00:00,3117735,Madrid,ES,2026-05-30,40.4375,-3.6875,Europe/Madrid,34.8,20.3,27.5,0.0,0.0,0.0,12.4
recent_weather,2026-07-01T14:51:26+00:00,3117735,Madrid,ES,2026-05-31,40.4375,-3.6875,Europe/Madrid,33.5,19.6,27.1,0.0,0.0,0.0,14.9
recent_weather,2026-07-01T14:51:26+00:00,3117735,Madrid,ES,2026-06-01,40.4375,-3.6875,Europe/Madrid,34.0,19.6,26.9,0.0,0.0,0.0,15.6
recent_weather,2026-07-01T14:51:26+00:00,3117735,Madrid,ES,2026-06-02,40.4375,-3.6875,Europe/Madrid,29.8,20.4,25.4,0.0,0.0,0.0,16.9
recent_weather,2026-07-01T14:51:26+00:00,3117735,Madrid,ES,2026-06-03,40.4375,-3.6875,Europe/Madrid,30.0,15.6,23.3,0.0,0.0,0.0,12.7
recent_weather,2026-07-01T14:51:26+00:00,3117735,Madrid,ES,2026-06-04,40.4375,-3.6875,Europe/Madrid,28.0,19.0,23.4,0.0,0.0,0.0,15.5
recent_weather,2026-07-01T14:51:26+00:00,3117735,Madrid,ES,2026-06-05,40.4375,-3.6875,Europe/Madrid,27.4,13.3,20.7,0.0,0.0,0.0,13.8
recent_weather,2026-07-01T14:51:26+00:00,3117735,Madrid,ES,2026-06-06,40.4375,-3.6875,Europe/Madrid,29.3,16.5,23.0,0.0,0.0,0.0,6.8
recent_weather,2026-07-01T14:51:26+00:00,3117735,Madrid,ES,2026-06-07,40.4375,-3.6875,Europe/Madrid,31.5,18.1,25.3,0.0,0.0,0.0,8.2
recent_weather,2026-07-01T14:51:26+00:00,3117735,Madrid,ES,2026-06-08,40.4375,-3.6875,Europe/Madrid,32.8,19.1,26.3,0.0,0.0,0.0,13.4
recent_weather,2026-07-01T14:51:26+00:00,3117735,Madrid,ES,2026-06-09,40.4375,-3.6875,Europe/Madrid,31.9,17.6,25.0,0.0,0.0,0.0,14.0
recent_weather,2026-07-01T14:51:26+00:00,3117735,Madrid,ES,2026-06-10,40.4375,-3.6875,Europe/Madrid,29.9,16.4,23.5,0.0,0.0,0.0,14.3
recent_weather,2026-07-01T14:51:26+00:00,3117735,Madrid,ES,2026-06-11,40.4375,-3.6875,Europe/Madrid,31.0,15.6,23.6,0.0,0.0,0.0,15.8
recent_weather,2026-07-01T14:51:26+00:00,3117735,Madrid,ES,2026-06-12,40.4375,-3.6875,Europe/Madrid,32.9,18.7,25.9,0.0,0.0,0.0,12.2
recent_weather,2026-07-01T14:51:26+00:00,3117735,Madrid,ES,2026-06-13,40.4375,-3.6875,Europe/Madrid,33.0,20.0,26.8,0.0,0.0,0.0,9.9
recent_weather,2026-07-01T14:51:26+00:00,3117735,Madrid,ES,2026-06-14,40.4375,-3.6875,Europe/Madrid,33.2,21.1,27.1,0.5,0.0,0.0,15.9
recent_weather,2026-07-01T14:51:26+00:00,3117735,Madrid,ES,2026-06-15,40.4375,-3.6875,Europe/Madrid,31.1,19.2,25.2,0.0,0.0,0.0,7.4
recent_weather,2026-07-01T14:51:26+00:00,3117735,Madrid,ES,2026-06-16,40.4375,-3.6875,Europe/Madrid,32.3,19.3,26.0,0.0,0.0,0.0,9.3
recent_weather,2026-07-01T14:51:26+00:00,3117735,Madrid,ES,2026-06-17,40.4375,-3.6875,Europe/Madrid,34.3,20.5,27.9,0.0,0.0,0.0,10.1
recent_weather,2026-07-01T14:51:26+00:00,3117735,Madrid,ES,2026-06-18,40.4375,-3.6875,Europe/Madrid,34.4,20.9,27.9,0.0,0.0,0.0,9.8
recent_weather,2026-07-01T14:51:26+00:00,3117735,Madrid,ES,2026-06-19,40.4375,-3.6875,Europe/Madrid,35.1,22.2,28.7,0.1,0.0,0.0,9.3
recent_weather,2026-07-01T14:51:26+00:00,3117735,Madrid,ES,2026-06-20,40.4375,-3.6875,Europe/Madrid,36.8,23.7,29.9,0.0,0.0,0.0,14.8
recent_weather,2026-07-01T14:51:26+00:00,3117735,Madrid,ES,2026-06-21,40.4375,-3.6875,Europe/Madrid,38.1,23.9,30.7,0.1,0.0,0.0,16.8
recent_weather,2026-07-01T14:51:26+00:00,3117735,Madrid,ES,2026-06-22,40.4375,-3.6875,Europe/Madrid,38.6,24.1,31.3,0.0,0.0,0.0,13.7
recent_weather,2026-07-01T14:51:26+00:00,3117735,Madrid,ES,2026-06-23,40.4375,-3.6875,Europe/Madrid,38.9,23.7,31.6,0.0,0.0,0.0,10.0
recent_weather,2026-07-01T14:51:26+00:00,3117735,Madrid,ES,2026-06-24,40.4375,-3.6875,Europe/Madrid,38.3,24.4,31.5,0.0,0.0,0.0,14.8
recent_weather,2026-07-01T14:51:26+00:00,3117735,Madrid,ES,2026-06-25,40.4375,-3.6875,Europe/Madrid,31.2,23.2,27.3,0.0,0.0,0.0,15.3
recent_weather,2026-07-01T14:51:26+00:00,3117735,Madrid,ES,2026-06-26,40.4375,-3.6875,Europe/Madrid,31.8,20.9,26.5,0.0,0.0,0.0,8.2
recent_weather,2026-07-01T14:51:26+00:00,3117735,Madrid,ES,2026-06-27,40.4375,-3.6875,Europe/Madrid,34.4,21.9,28.6,0.0,0.0,0.0,9.5
recent_weather,2026-07-01T14:51:26+00:00,3117735,Madrid,ES,2026-06-28,40.4375,-3.6875,Europe/Madrid,33.7,22.4,27.6,0.8,0.0,0.0,18.6
recent_weather,2026-07-01T14:51:26+00:00,3117735,Madrid,ES,2026-06-29,40.4375,-3.6875,Europe/Madrid,33.9,18.9,26.5,0.0,0.0,0.0,15.3
recent_weather,2026-07-01T14:51:26+00:00,3117735,Madrid,ES,2026-06-30,40.4375,-3.6875,Europe/Madrid,36.0,22.0,29.3,0.0,0.0,0.0,9.8
recent_weather,2026-07-01T14:51:26+00:00,3117735,Madrid,ES,2026-07-01,40.4375,-3.6875,Europe/Madrid,36.2,22.3,29.2,0.0,0.0,0.0,17.3
recent_weather,2026-07-01T14:51:26+00:00,3128760,Barcelona,ES,2026-03-31,41.375,2.125,Europe/Madrid,,,,,,,
recent_weather,2026-07-01T14:51:26+00:00,3128760,Barcelona,ES,2026-04-01,41.375,2.125,Europe/Madrid,,,,,,,
recent_weather,2026-07-01T14:51:26+00:00,3128760,Barcelona,ES,2026-04-02,41.375,2.125,Europe/Madrid,,,,,,,
recent_weather,2026-07-01T14:51:26+00:00,3128760,Barcelona,ES,2026-04-03,41.375,2.125,Europe/Madrid,,,,,,,
recent_weather,2026-07-01T14:51:26+00:00,3128760,Barcelona,ES,2026-04-04,41.375,2.125,Europe/Madrid,,,,,,,
recent_weather,2026-07-01T14:51:26+00:00,3128760,Barcelona,ES,2026-04-05,41.375,2.125,Europe/Madrid,,,,,,,
recent_weather,2026-07-01T14:51:26+00:00,3128760,Barcelona,ES,2026-04-06,41.375,2.125,Europe/Madrid,,,,,,,
recent_weather,2026-07-01T14:51:26+00:00,3128760,Barcelona,ES,2026-04-07,41.375,2.125,Europe/Madrid,,,,,,,
recent_weather,2026-07-01T14:51:26+00:00,3128760,Barcelona,ES,2026-04-08,41.375,2.125,Europe/Madrid,,,,,,,
recent_weather,2026-07-01T14:51:26+00:00,3128760,Barcelona,ES,2026-04-09,41.375,2.125,Europe/Madrid,,,,,,,
recent_weather,2026-07-01T14:51:26+00:00,3128760,Barcelona,ES,2026-04-10,41.375,2.125,Europe/Madrid,,,,,,,
recent_weather,2026-07-01T14:51:26+00:00,3128760,Barcelona,ES,2026-04-11,41.375,2.125,Europe/Madrid,,,,,,,
recent_weather,2026-07-01T14:51:26+00:00,3128760,Barcelona,ES,2026-04-12,41.375,2.125,Europe/Madrid,,,,,,,
recent_weather,2026-07-01T14:51:26+00:00,3128760,Barcelona,ES,2026-04-13,41.375,2.125,Europe/Madrid,,,,,,,
recent_weather,2026-07-01T14:51:26+00:00,3128760,Barcelona,ES,2026-04-14,41.375,2.125,Europe/Madrid,,,,,,,
recent_weather,2026-07-01T14:51:26+00:00,3128760,Barcelona,ES,2026-04-15,41.375,2.125,Europe/Madrid,,,,,,,
recent_weather,2026-07-01T14:51:26+00:00,3128760,Barcelona,ES,2026-04-16,41.375,2.125,Europe/Madrid,20.2,10.4,,,,,17.6
recent_weather,2026-07-01T14:51:26+00:00,3128760,Barcelona,ES,2026-04-17,41.375,2.125,Europe/Madrid,20.5,10.6,15.8,0.0,0.0,0.0,10.2
recent_weather,2026-07-01T14:51:26+00:00,3128760,Barcelona,ES,2026-04-18,41.375,2.125,Europe/Madrid,22.5,11.1,17.1,0.0,0.0,0.0,9.3
recent_weather,2026-07-01T14:51:26+00:00,3128760,Barcelona,ES,2026-04-19,41.375,2.125,Europe/Madrid,22.5,11.9,17.5,0.0,0.0,0.0,14.5
recent_weather,2026-07-01T14:51:26+00:00,3128760,Barcelona,ES,2026-04-20,41.375,2.125,Europe/Madrid,22.4,13.6,18.2,0.0,0.0,0.0,13.4
recent_weather,2026-07-01T14:51:26+00:00,3128760,Barcelona,ES,2026-04-21,41.375,2.125,Europe/Madrid,21.3,12.5,17.2,0.0,0.0,0.0,11.1
recent_weather,2026-07-01T14:51:26+00:00,3128760,Barcelona,ES,2026-04-22,41.375,2.125,Europe/Madrid,20.7,11.5,16.7,0.0,0.0,0.0,19.4
recent_weather,2026-07-01T14:51:26+00:00,3128760,Barcelona,ES,2026-04-23,41.375,2.125,Europe/Madrid,19.6,14.4,16.7,0.0,0.0,0.0,23.5
recent_weather,2026-07-01T14:51:26+00:00,3128760,Barcelona,ES,2026-04-24,41.375,2.125,Europe/Madrid,18.2,10.4,15.2,0.0,0.0,0.0,13.2
recent_weather,2026-07-01T14:51:26+00:00,3128760,Barcelona,ES,2026-04-25,41.375,2.125,Europe/Madrid,19.8,10.4,15.7,0.0,0.0,0.0,12.2
recent_weather,2026-07-01T14:51:26+00:00,3128760,Barcelona,ES,2026-04-26,41.375,2.125,Europe/Madrid,22.0,12.5,17.7,0.0,0.0,0.0,12.0
recent_weather,2026-07-01T14:51:26+00:00,3128760,Barcelona,ES,2026-04-27,41.375,2.125,Europe/Madrid,21.9,14.9,18.5,0.0,0.0,0.0,12.2
recent_weather,2026-07-01T14:51:26+00:00,3128760,Barcelona,ES,2026-04-28,41.375,2.125,Europe/Madrid,21.6,12.6,17.4,0.0,0.0,0.0,12.6
recent_weather,2026-07-01T14:51:26+00:00,3128760,Barcelona,ES,2026-04-29,41.375,2.125,Europe/Madrid,21.1,16.1,18.0,0.0,0.0,0.0,18.5
recent_weather,2026-07-01T14:51:26+00:00,3128760,Barcelona,ES,2026-04-30,41.375,2.125,Europe/Madrid,21.4,13.8,18.0,0.2,0.0,0.0,16.7
recent_weather,2026-07-01T14:51:26+00:00,3128760,Barcelona,ES,2026-05-01,41.375,2.125,Europe/Madrid,21.6,16.4,18.2,0.2,0.0,0.0,24.0
recent_weather,2026-07-01T14:51:26+00:00,3128760,Barcelona,ES,2026-05-02,41.375,2.125,Europe/Madrid,19.8,15.3,17.3,2.4,0.0,0.0,12.8
recent_weather,2026-07-01T14:51:26+00:00,3128760,Barcelona,ES,2026-05-03,41.375,2.125,Europe/Madrid,19.0,14.1,16.7,2.0,0.4,0.0,14.0
recent_weather,2026-07-01T14:51:26+00:00,3128760,Barcelona,ES,2026-05-04,41.375,2.125,Europe/Madrid,21.0,15.6,17.5,4.1,0.1,0.0,15.0
recent_weather,2026-07-01T14:51:26+00:00,3128760,Barcelona,ES,2026-05-05,41.375,2.125,Europe/Madrid,21.2,12.4,16.7,3.2,0.0,0.0,12.6
recent_weather,2026-07-01T14:51:26+00:00,3128760,Barcelona,ES,2026-05-06,41.375,2.125,Europe/Madrid,19.5,12.2,16.2,0.0,0.0,0.0,12.8
recent_weather,2026-07-01T14:51:26+00:00,3128760,Barcelona,ES,2026-05-07,41.375,2.125,Europe/Madrid,18.9,12.3,15.9,0.1,0.0,0.0,13.2
recent_weather,2026-07-01T14:51:26+00:00,3128760,Barcelona,ES,2026-05-08,41.375,2.125,Europe/Madrid,18.7,12.3,16.1,0.0,0.0,0.0,11.5
recent_weather,2026-07-01T14:51:26+00:00,3128760,Barcelona,ES,2026-05-09,41.375,2.125,Europe/Madrid,18.3,15.1,16.2,12.3,11.2,0.0,18.6
recent_weather,2026-07-01T14:51:26+00:00,3128760,Barcelona,ES,2026-05-10,41.375,2.125,Europe/Madrid,21.7,13.3,17.5,0.1,0.0,0.0,19.4
recent_weather,2026-07-01T14:51:26+00:00,3128760,Barcelona,ES,2026-05-11,41.375,2.125,Europe/Madrid,23.1,15.0,19.0,0.0,0.0,0.0,18.9
recent_weather,2026-07-01T14:51:26+00:00,3128760,Barcelona,ES,2026-05-12,41.375,2.125,Europe/Madrid,21.4,14.3,17.8,5.8,0.0,0.0,15.6
recent_weather,2026-07-01T14:51:26+00:00,3128760,Barcelona,ES,2026-05-13,41.375,2.125,Europe/Madrid,20.2,14.5,16.9,6.0,0.0,0.0,11.3
recent_weather,2026-07-01T14:51:26+00:00,3128760,Barcelona,ES,2026-05-14,41.375,2.125,Europe/Madrid,23.1,13.7,17.9,0.0,0.0,0.0,22.8
recent_weather,2026-07-01T14:51:26+00:00,3128760,Barcelona,ES,2026-05-15,41.375,2.125,Europe/Madrid,17.4,12.7,14.5,4.6,0.4,0.0,13.3
recent_weather,2026-07-01T14:51:26+00:00,3128760,Barcelona,ES,2026-05-16,41.375,2.125,Europe/Madrid,18.5,10.9,14.7,0.0,0.0,0.0,12.9
recent_weather,2026-07-01T14:51:26+00:00,3128760,Barcelona,ES,2026-05-17,41.375,2.125,Europe/Madrid,18.9,13.6,16.6,0.0,0.0,0.0,10.6
recent_weather,2026-07-01T14:51:26+00:00,3128760,Barcelona,ES,2026-05-18,41.375,2.125,Europe/Madrid,19.5,13.1,16.5,3.1,0.0,0.0,11.6
recent_weather,2026-07-01T14:51:26+00:00,3128760,Barcelona,ES,2026-05-19,41.375,2.125,Europe/Madrid,21.7,15.0,18.4,0.0,0.0,0.0,13.3
recent_weather,2026-07-01T14:51:26+00:00,3128760,Barcelona,ES,2026-05-20,41.375,2.125,Europe/Madrid,23.0,15.6,19.7,0.0,0.0,0.0,13.2
recent_weather,2026-07-01T14:51:26+00:00,3128760,Barcelona,ES,2026-05-21,41.375,2.125,Europe/Madrid,24.6,16.4,20.7,0.0,0.0,0.0,11.6
recent_weather,2026-07-01T14:51:26+00:00,3128760,Barcelona,ES,2026-05-22,41.375,2.125,Europe/Madrid,25.0,17.5,21.4,0.0,0.0,0.0,9.2
recent_weather,2026-07-01T14:51:26+00:00,3128760,Barcelona,ES,2026-05-23,41.375,2.125,Europe/Madrid,25.0,18.1,21.8,0.0,0.0,0.0,10.9
recent_weather,2026-07-01T14:51:26+00:00,3128760,Barcelona,ES,2026-05-24,41.375,2.125,Europe/Madrid,27.0,17.9,22.8,0.0,0.0,0.0,10.4
recent_weather,2026-07-01T14:51:26+00:00,3128760,Barcelona,ES,2026-05-25,41.375,2.125,Europe/Madrid,25.8,18.3,22.6,0.0,0.0,0.0,12.9
recent_weather,2026-07-01T14:51:26+00:00,3128760,Barcelona,ES,2026-05-26,41.375,2.125,Europe/Madrid,27.3,17.6,22.9,0.0,0.0,0.0,12.0
recent_weather,2026-07-01T14:51:26+00:00,3128760,Barcelona,ES,2026-05-27,41.375,2.125,Europe/Madrid,28.4,18.6,23.9,0.0,0.0,0.0,14.4
recent_weather,2026-07-01T14:51:26+00:00,3128760,Barcelona,ES,2026-05-28,41.375,2.125,Europe/Madrid,30.5,19.8,25.6,0.0,0.0,0.0,16.2
recent_weather,2026-07-01T14:51:26+00:00,3128760,Barcelona,ES,2026-05-29,41.375,2.125,Europe/Madrid,28.8,22.1,24.8,0.0,0.0,0.0,13.0
recent_weather,2026-07-01T14:51:26+00:00,3128760,Barcelona,ES,2026-05-30,41.375,2.125,Europe/Madrid,25.9,19.8,22.8,0.0,0.0,0.0,10.0
recent_weather,2026-07-01T14:51:26+00:00,3128760,Barcelona,ES,2026-05-31,41.375,2.125,Europe/Madrid,26.3,19.6,23.0,0.0,0.0,0.0,13.1
recent_weather,2026-07-01T14:51:26+00:00,3128760,Barcelona,ES,2026-06-01,41.375,2.125,Europe/Madrid,26.1,20.9,23.3,0.0,0.0,0.0,17.0
recent_weather,2026-07-01T14:51:26+00:00,3128760,Barcelona,ES,2026-06-02,41.375,2.125,Europe/Madrid,26.3,20.3,23.1,0.0,0.0,0.0,17.9
recent_weather,2026-07-01T14:51:26+00:00,3128760,Barcelona,ES,2026-06-03,41.375,2.125,Europe/Madrid,25.5,19.5,22.4,0.0,0.0,0.0,18.0
recent_weather,2026-07-01T14:51:26+00:00,3128760,Barcelona,ES,2026-06-04,41.375,2.125,Europe/Madrid,24.2,17.1,21.9,19.1,13.3,0.0,23.5
recent_weather,2026-07-01T14:51:26+00:00,3128760,Barcelona,ES,2026-06-05,41.375,2.125,Europe/Madrid,21.7,17.0,19.0,4.0,2.5,0.0,14.7
recent_weather,2026-07-01T14:51:26+00:00,3128760,Barcelona,ES,2026-06-06,41.375,2.125,Europe/Madrid,25.1,17.6,21.3,0.0,0.0,0.0,13.5
recent_weather,2026-07-01T14:51:26+00:00,3128760,Barcelona,ES,2026-06-07,41.375,2.125,Europe/Madrid,24.9,18.4,22.0,0.0,0.0,0.0,13.8
recent_weather,2026-07-01T14:51:26+00:00,3128760,Barcelona,ES,2026-06-08,41.375,2.125,Europe/Madrid,25.7,18.3,22.4,0.0,0.0,0.0,13.0
recent_weather,2026-07-01T14:51:26+00:00,3128760,Barcelona,ES,2026-06-09,41.375,2.125,Europe/Madrid,24.9,19.9,22.3,0.0,0.0,0.0,12.6
recent_weather,2026-07-01T14:51:26+00:00,3128760,Barcelona,ES,2026-06-10,41.375,2.125,Europe/Madrid,21.9,19.8,20.7,0.9,0.0,0.0,18.0
recent_weather,2026-07-01T14:51:26+00:00,3128760,Barcelona,ES,2026-06-11,41.375,2.125,Europe/Madrid,23.9,18.0,20.9,0.0,0.0,0.0,10.0
recent_weather,2026-07-01T14:51:26+00:00,3128760,Barcelona,ES,2026-06-12,41.375,2.125,Europe/Madrid,26.4,17.5,22.4,0.0,0.0,0.0,13.9
recent_weather,2026-07-01T14:51:26+00:00,3128760,Barcelona,ES,2026-06-13,41.375,2.125,Europe/Madrid,29.4,20.2,24.8,0.0,0.0,0.0,14.2
recent_weather,2026-07-01T14:51:26+00:00,3128760,Barcelona,ES,2026-06-14,41.375,2.125,Europe/Madrid,29.1,20.6,25.0,0.0,0.0,0.0,13.0
recent_weather,2026-07-01T14:51:26+00:00,3128760,Barcelona,ES,2026-06-15,41.375,2.125,Europe/Madrid,27.8,22.1,25.3,0.0,0.0,0.0,16.5
recent_weather,2026-07-01T14:51:26+00:00,3128760,Barcelona,ES,2026-06-16,41.375,2.125,Europe/Madrid,29.4,21.5,25.4,0.0,0.0,0.0,13.2
recent_weather,2026-07-01T14:51:26+00:00,3128760,Barcelona,ES,2026-06-17,41.375,2.125,Europe/Madrid,29.0,21.0,25.0,0.0,0.0,0.0,11.4
recent_weather,2026-07-01T14:51:26+00:00,3128760,Barcelona,ES,2026-06-18,41.375,2.125,Europe/Madrid,26.3,20.2,23.7,0.0,0.0,0.0,13.5
recent_weather,2026-07-01T14:51:26+00:00,3128760,Barcelona,ES,2026-06-19,41.375,2.125,Europe/Madrid,28.6,21.5,25.0,0.1,0.0,0.0,14.4
recent_weather,2026-07-01T14:51:26+00:00,3128760,Barcelona,ES,2026-06-20,41.375,2.125,Europe/Madrid,30.3,22.0,26.2,0.0,0.0,0.0,12.7
recent_weather,2026-07-01T14:51:26+00:00,3128760,Barcelona,ES,2026-06-21,41.375,2.125,Europe/Madrid,31.3,23.1,27.5,0.0,0.0,0.0,11.8
recent_weather,2026-07-01T14:51:26+00:00,3128760,Barcelona,ES,2026-06-22,41.375,2.125,Europe/Madrid,33.2,23.3,28.2,0.0,0.0,0.0,14.0
recent_weather,2026-07-01T14:51:26+00:00,3128760,Barcelona,ES,2026-06-23,41.375,2.125,Europe/Madrid,30.1,23.5,27.3,0.0,0.0,0.0,11.0
recent_weather,2026-07-01T14:51:26+00:00,3128760,Barcelona,ES,2026-06-24,41.375,2.125,Europe/Madrid,31.3,22.8,27.2,0.0,0.0,0.0,12.3
recent_weather,2026-07-01T14:51:26+00:00,3128760,Barcelona,ES,2026-06-25,41.375,2.125,Europe/Madrid,31.2,22.7,27.1,0.0,0.0,0.0,13.0
recent_weather,2026-07-01T14:51:26+00:00,3128760,Barcelona,ES,2026-06-26,41.375,2.125,Europe/Madrid,31.8,23.7,27.7,0.0,0.0,0.0,13.4
recent_weather,2026-07-01T14:51:26+00:00,3128760,Barcelona,ES,2026-06-27,41.375,2.125,Europe/Madrid,31.8,23.0,27.6,0.0,0.0,0.0,12.0
recent_weather,2026-07-01T14:51:26+00:00,3128760,Barcelona,ES,2026-06-28,41.375,2.125,Europe/Madrid,31.9,23.4,27.8,0.0,0.0,0.0,11.8
recent_weather,2026-07-01T14:51:26+00:00,3128760,Barcelona,ES,2026-06-29,41.375,2.125,Europe/Madrid,32.7,24.7,28.7,0.1,0.0,0.0,16.1
recent_weather,2026-07-01T14:51:26+00:00,3128760,Barcelona,ES,2026-06-30,41.375,2.125,Europe/Madrid,31.6,24.1,28.0,0.0,0.0,0.0,14.1
recent_weather,2026-07-01T14:51:26+00:00,3128760,Barcelona,ES,2026-07-01,41.375,2.125,Europe/Madrid,28.5,23.4,26.3,0.0,0.0,0.0,18.6
recent_weather,2026-07-01T14:51:26+00:00,2509954,Valencia,ES,2026-03-31,39.5,-0.375,Europe/Madrid,,,,,,,
recent_weather,2026-07-01T14:51:26+00:00,2509954,Valencia,ES,2026-04-01,39.5,-0.375,Europe/Madrid,,,,,,,
recent_weather,2026-07-01T14:51:26+00:00,2509954,Valencia,ES,2026-04-02,39.5,-0.375,Europe/Madrid,,,,,,,
recent_weather,2026-07-01T14:51:26+00:00,2509954,Valencia,ES,2026-04-03,39.5,-0.375,Europe/Madrid,,,,,,,
recent_weather,2026-07-01T14:51:26+00:00,2509954,Valencia,ES,2026-04-04,39.5,-0.375,Europe/Madrid,,,,,,,
recent_weather,2026-07-01T14:51:26+00:00,2509954,Valencia,ES,2026-04-05,39.5,-0.375,Europe/Madrid,,,,,,,
recent_weather,2026-07-01T14:51:26+00:00,2509954,Valencia,ES,2026-04-06,39.5,-0.375,Europe/Madrid,,,,,,,
recent_weather,2026-07-01T14:51:26+00:00,2509954,Valencia,ES,2026-04-07,39.5,-0.375,Europe/Madrid,,,,,,,
recent_weather,2026-07-01T14:51:26+00:00,2509954,Valencia,ES,2026-04-08,39.5,-0.375,Europe/Madrid,,,,,,,
recent_weather,2026-07-01T14:51:26+00:00,2509954,Valencia,ES,2026-04-09,39.5,-0.375,Europe/Madrid,,,,,,,
recent_weather,2026-07-01T14:51:26+00:00,2509954,Valencia,ES,2026-04-10,39.5,-0.375,Europe/Madrid,,,,,,,
recent_weather,2026-07-01T14:51:26+00:00,2509954,Valencia,ES,2026-04-11,39.5,-0.375,Europe/Madrid,,,,,,,
recent_weather,2026-07-01T14:51:26+00:00,2509954,Valencia,ES,2026-04-12,39.5,-0.375,Europe/Madrid,,,,,,,
recent_weather,2026-07-01T14:51:26+00:00,2509954,Valencia,ES,2026-04-13,39.5,-0.375,Europe/Madrid,,,,,,,
recent_weather,2026-07-01T14:51:26+00:00,2509954,Valencia,ES,2026-04-14,39.5,-0.375,Europe/Madrid,,,,,,,
recent_weather,2026-07-01T14:51:26+00:00,2509954,Valencia,ES,2026-04-15,39.5,-0.375,Europe/Madrid,,,,,,,
recent_weather,2026-07-01T14:51:26+00:00,2509954,Valencia,ES,2026-04-16,39.5,-0.375,Europe/Madrid,21.4,11.6,,,,,13.7
recent_weather,2026-07-01T14:51:26+00:00,2509954,Valencia,ES,2026-04-17,39.5,-0.375,Europe/Madrid,21.9,11.7,17.0,0.0,0.0,0.0,10.7
recent_weather,2026-07-01T14:51:26+00:00,2509954,Valencia,ES,2026-04-18,39.5,-0.375,Europe/Madrid,22.7,13.2,17.8,0.0,0.0,0.0,13.5
recent_weather,2026-07-01T14:51:26+00:00,2509954,Valencia,ES,2026-04-19,39.5,-0.375,Europe/Madrid,23.4,13.6,18.7,0.0,0.0,0.0,11.8
recent_weather,2026-07-01T14:51:26+00:00,2509954,Valencia,ES,2026-04-20,39.5,-0.375,Europe/Madrid,25.1,13.9,19.5,0.0,0.0,0.0,11.2
recent_weather,2026-07-01T14:51:26+00:00,2509954,Valencia,ES,2026-04-21,39.5,-0.375,Europe/Madrid,22.5,13.9,18.5,0.0,0.0,0.0,11.7
recent_weather,2026-07-01T14:51:26+00:00,2509954,Valencia,ES,2026-04-22,39.5,-0.375,Europe/Madrid,26.7,14.6,19.8,0.0,0.0,0.0,16.2
recent_weather,2026-07-01T14:51:26+00:00,2509954,Valencia,ES,2026-04-23,39.5,-0.375,Europe/Madrid,20.2,16.4,18.0,0.4,0.0,0.0,23.3
recent_weather,2026-07-01T14:51:26+00:00,2509954,Valencia,ES,2026-04-24,39.5,-0.375,Europe/Madrid,20.8,15.8,17.9,0.0,0.0,0.0,14.7
recent_weather,2026-07-01T14:51:26+00:00,2509954,Valencia,ES,2026-04-25,39.5,-0.375,Europe/Madrid,20.6,14.6,17.5,0.0,0.0,0.0,13.2
recent_weather,2026-07-01T14:51:26+00:00,2509954,Valencia,ES,2026-04-26,39.5,-0.375,Europe/Madrid,21.3,11.9,17.1,0.0,0.0,0.0,12.2
recent_weather,2026-07-01T14:51:26+00:00,2509954,Valencia,ES,2026-04-27,39.5,-0.375,Europe/Madrid,22.0,12.1,17.3,0.0,0.0,0.0,13.0
recent_weather,2026-07-01T14:51:26+00:00,2509954,Valencia,ES,2026-04-28,39.5,-0.375,Europe/Madrid,21.8,12.8,17.6,0.1,0.0,0.0,13.7
recent_weather,2026-07-01T14:51:26+00:00,2509954,Valencia,ES,2026-04-29,39.5,-0.375,Europe/Madrid,21.9,15.4,18.8,0.0,0.0,0.0,12.7
recent_weather,2026-07-01T14:51:26+00:00,2509954,Valencia,ES,2026-04-30,39.5,-0.375,Europe/Madrid,22.5,16.1,19.3,0.1,0.0,0.0,13.4
recent_weather,2026-07-01T14:51:26+00:00,2509954,Valencia,ES,2026-05-01,39.5,-0.375,Europe/Madrid,20.7,17.7,18.9,2.9,0.9,0.0,17.3
recent_weather,2026-07-01T14:51:26+00:00,2509954,Valencia,ES,2026-05-02,39.5,-0.375,Europe/Madrid,21.0,15.4,18.3,0.0,0.0,0.0,12.9
recent_weather,2026-07-01T14:51:26+00:00,2509954,Valencia,ES,2026-05-03,39.5,-0.375,Europe/Madrid,19.9,17.0,18.3,2.2,0.2,0.0,12.2
recent_weather,2026-07-01T14:51:26+00:00,2509954,Valencia,ES,2026-05-04,39.5,-0.375,Europe/Madrid,22.1,16.3,18.9,2.8,0.0,0.0,13.3
recent_weather,2026-07-01T14:51:26+00:00,2509954,Valencia,ES,2026-05-05,39.5,-0.375,Europe/Madrid,25.8,15.8,19.5,0.0,0.0,0.0,20.4
recent_weather,2026-07-01T14:51:26+00:00,2509954,Valencia,ES,2026-05-06,39.5,-0.375,Europe/Madrid,21.7,13.9,17.8,0.1,0.0,0.0,14.4
recent_weather,2026-07-01T14:51:26+00:00,2509954,Valencia,ES,2026-05-07,39.5,-0.375,Europe/Madrid,20.7,13.0,16.7,1.3,0.0,0.0,13.8
recent_weather,2026-07-01T14:51:26+00:00,2509954,Valencia,ES,2026-05-08,39.5,-0.375,Europe/Madrid,20.5,12.3,16.6,0.0,0.0,0.0,14.4
recent_weather,2026-07-01T14:51:26+00:00,2509954,Valencia,ES,2026-05-09,39.5,-0.375,Europe/Madrid,19.3,16.2,17.1,10.9,9.2,0.0,11.8
recent_weather,2026-07-01T14:51:26+00:00,2509954,Valencia,ES,2026-05-10,39.5,-0.375,Europe/Madrid,23.1,13.3,18.9,0.0,0.0,0.0,16.4
recent_weather,2026-07-01T14:51:26+00:00,2509954,Valencia,ES,2026-05-11,39.5,-0.375,Europe/Madrid,27.1,14.9,20.9,0.0,0.0,0.0,19.2
recent_weather,2026-07-01T14:51:26+00:00,2509954,Valencia,ES,2026-05-12,39.5,-0.375,Europe/Madrid,27.0,15.6,21.6,0.2,0.0,0.0,22.3
recent_weather,2026-07-01T14:51:26+00:00,2509954,Valencia,ES,2026-05-13,39.5,-0.375,Europe/Madrid,26.8,15.8,20.6,0.0,0.0,0.0,15.3
recent_weather,2026-07-01T14:51:26+00:00,2509954,Valencia,ES,2026-05-14,39.5,-0.375,Europe/Madrid,25.3,14.2,19.6,0.0,0.0,0.0,19.3
recent_weather,2026-07-01T14:51:26+00:00,2509954,Valencia,ES,2026-05-15,39.5,-0.375,Europe/Madrid,20.1,14.6,17.1,3.3,2.2,0.0,15.6
recent_weather,2026-07-01T14:51:26+00:00,2509954,Valencia,ES,2026-05-16,39.5,-0.375,Europe/Madrid,22.5,10.1,16.8,0.0,0.0,0.0,16.8
recent_weather,2026-07-01T14:51:26+00:00,2509954,Valencia,ES,2026-05-17,39.5,-0.375,Europe/Madrid,22.0,11.9,18.1,0.0,0.0,0.0,13.5
recent_weather,2026-07-01T14:51:26+00:00,2509954,Valencia,ES,2026-05-18,39.5,-0.375,Europe/Madrid,22.9,13.4,18.9,0.0,0.0,0.0,15.6
recent_weather,2026-07-01T14:51:26+00:00,2509954,Valencia,ES,2026-05-19,39.5,-0.375,Europe/Madrid,30.9,15.5,22.1,0.0,0.0,0.0,15.5
recent_weather,2026-07-01T14:51:26+00:00,2509954,Valencia,ES,2026-05-20,39.5,-0.375,Europe/Madrid,23.4,15.5,20.0,0.0,0.0,0.0,14.3
recent_weather,2026-07-01T14:51:26+00:00,2509954,Valencia,ES,2026-05-21,39.5,-0.375,Europe/Madrid,28.0,15.9,21.7,0.0,0.0,0.0,14.0
recent_weather,2026-07-01T14:51:26+00:00,2509954,Valencia,ES,2026-05-22,39.5,-0.375,Europe/Madrid,29.1,15.7,22.5,0.0,0.0,0.0,13.8
recent_weather,2026-07-01T14:51:26+00:00,2509954,Valencia,ES,2026-05-23,39.5,-0.375,Europe/Madrid,28.4,15.9,22.7,0.0,0.0,0.0,12.9
recent_weather,2026-07-01T14:51:26+00:00,2509954,Valencia,ES,2026-05-24,39.5,-0.375,Europe/Madrid,28.2,16.6,22.5,0.0,0.0,0.0,13.4
recent_weather,2026-07-01T14:51:26+00:00,2509954,Valencia,ES,2026-05-25,39.5,-0.375,Europe/Madrid,27.1,16.4,22.1,0.0,0.0,0.0,13.1
recent_weather,2026-07-01T14:51:26+00:00,2509954,Valencia,ES,2026-05-26,39.5,-0.375,Europe/Madrid,28.0,16.2,22.5,0.0,0.0,0.0,14.3
recent_weather,2026-07-01T14:51:26+00:00,2509954,Valencia,ES,2026-05-27,39.5,-0.375,Europe/Madrid,29.3,16.6,22.9,0.0,0.0,0.0,13.6
recent_weather,2026-07-01T14:51:26+00:00,2509954,Valencia,ES,2026-05-28,39.5,-0.375,Europe/Madrid,30.4,16.5,23.8,0.0,0.0,0.0,12.8
recent_weather,2026-07-01T14:51:26+00:00,2509954,Valencia,ES,2026-05-29,39.5,-0.375,Europe/Madrid,33.9,19.5,26.6,0.0,0.0,0.0,16.3
recent_weather,2026-07-01T14:51:26+00:00,2509954,Valencia,ES,2026-05-30,39.5,-0.375,Europe/Madrid,27.2,21.0,24.2,0.0,0.0,0.0,16.5
recent_weather,2026-07-01T14:51:26+00:00,2509954,Valencia,ES,2026-05-31,39.5,-0.375,Europe/Madrid,27.6,19.7,23.8,0.0,0.0,0.0,13.2
recent_weather,2026-07-01T14:51:26+00:00,2509954,Valencia,ES,2026-06-01,39.5,-0.375,Europe/Madrid,26.5,19.5,23.3,0.0,0.0,0.0,14.4
recent_weather,2026-07-01T14:51:26+00:00,2509954,Valencia,ES,2026-06-02,39.5,-0.375,Europe/Madrid,27.1,19.6,24.0,0.0,0.0,0.0,15.3
recent_weather,2026-07-01T14:51:26+00:00,2509954,Valencia,ES,2026-06-03,39.5,-0.375,Europe/Madrid,26.8,22.0,24.2,0.0,0.0,0.0,18.7
recent_weather,2026-07-01T14:51:26+00:00,2509954,Valencia,ES,2026-06-04,39.5,-0.375,Europe/Madrid,30.3,19.7,24.6,0.0,0.0,0.0,22.1
recent_weather,2026-07-01T14:51:26+00:00,2509954,Valencia,ES,2026-06-05,39.5,-0.375,Europe/Madrid,24.0,19.9,21.0,0.2,0.0,0.0,25.2
recent_weather,2026-07-01T14:51:26+00:00,2509954,Valencia,ES,2026-06-06,39.5,-0.375,Europe/Madrid,26.3,18.8,22.4,0.0,0.0,0.0,15.0
recent_weather,2026-07-01T14:51:26+00:00,2509954,Valencia,ES,2026-06-07,39.5,-0.375,Europe/Madrid,25.7,19.3,22.7,0.0,0.0,0.0,15.2
recent_weather,2026-07-01T14:51:26+00:00,2509954,Valencia,ES,2026-06-08,39.5,-0.375,Europe/Madrid,26.9,19.1,23.2,0.0,0.0,0.0,14.6
recent_weather,2026-07-01T14:51:26+00:00,2509954,Valencia,ES,2026-06-09,39.5,-0.375,Europe/Madrid,26.4,20.8,23.2,0.0,0.0,0.0,15.2
recent_weather,2026-07-01T14:51:26+00:00,2509954,Valencia,ES,2026-06-10,39.5,-0.375,Europe/Madrid,24.3,21.1,22.3,0.0,0.0,0.0,14.3
recent_weather,2026-07-01T14:51:26+00:00,2509954,Valencia,ES,2026-06-11,39.5,-0.375,Europe/Madrid,25.2,19.2,22.4,0.0,0.0,0.0,15.1
recent_weather,2026-07-01T14:51:26+00:00,2509954,Valencia,ES,2026-06-12,39.5,-0.375,Europe/Madrid,27.2,18.8,23.4,0.0,0.0,0.0,14.5
recent_weather,2026-07-01T14:51:26+00:00,2509954,Valencia,ES,2026-06-13,39.5,-0.375,Europe/Madrid,31.1,18.3,25.0,0.0,0.0,0.0,12.2
recent_weather,2026-07-01T14:51:26+00:00,2509954,Valencia,ES,2026-06-14,39.5,-0.375,Europe/Madrid,30.5,20.0,25.1,0.0,0.0,0.0,15.6
recent_weather,2026-07-01T14:51:26+00:00,2509954,Valencia,ES,2026-06-15,39.5,-0.375,Europe/Madrid,29.6,20.0,24.7,0.0,0.0,0.0,13.8
recent_weather,2026-07-01T14:51:26+00:00,2509954,Valencia,ES,2026-06-16,39.5,-0.375,Europe/Madrid,29.9,19.2,24.9,0.0,0.0,0.0,12.6
recent_weather,2026-07-01T14:51:26+00:00,2509954,Valencia,ES,2026-06-17,39.5,-0.375,Europe/Madrid,31.9,19.6,26.1,0.0,0.0,0.0,12.7
recent_weather,2026-07-01T14:51:26+00:00,2509954,Valencia,ES,2026-06-18,39.5,-0.375,Europe/Madrid,27.7,20.2,24.1,0.0,0.0,0.0,13.0
recent_weather,2026-07-01T14:51:26+00:00,2509954,Valencia,ES,2026-06-19,39.5,-0.375,Europe/Madrid,28.4,20.7,24.6,0.0,0.0,0.0,13.8
recent_weather,2026-07-01T14:51:26+00:00,2509954,Valencia,ES,2026-06-20,39.5,-0.375,Europe/Madrid,29.0,21.9,25.7,0.0,0.0,0.0,17.7
recent_weather,2026-07-01T14:51:26+00:00,2509954,Valencia,ES,2026-06-21,39.5,-0.375,Europe/Madrid,31.8,21.5,27.0,0.0,0.0,0.0,12.1
recent_weather,2026-07-01T14:51:26+00:00,2509954,Valencia,ES,2026-06-22,39.5,-0.375,Europe/Madrid,33.2,21.3,27.7,0.0,0.0,0.0,11.0
recent_weather,2026-07-01T14:51:26+00:00,2509954,Valencia,ES,2026-06-23,39.5,-0.375,Europe/Madrid,33.6,21.8,28.0,0.0,0.0,0.0,13.8
recent_weather,2026-07-01T14:51:26+00:00,2509954,Valencia,ES,2026-06-24,39.5,-0.375,Europe/Madrid,32.7,22.1,27.7,0.0,0.0,0.0,13.6
recent_weather,2026-07-01T14:51:26+00:00,2509954,Valencia,ES,2026-06-25,39.5,-0.375,Europe/Madrid,31.6,21.5,26.9,0.0,0.0,0.0,15.1
recent_weather,2026-07-01T14:51:26+00:00,2509954,Valencia,ES,2026-06-26,39.5,-0.375,Europe/Madrid,29.4,22.3,26.2,0.0,0.0,0.0,14.8
recent_weather,2026-07-01T14:51:26+00:00,2509954,Valencia,ES,2026-06-27,39.5,-0.375,Europe/Madrid,30.1,22.8,26.7,0.0,0.0,0.0,14.3
recent_weather,2026-07-01T14:51:26+00:00,2509954,Valencia,ES,2026-06-28,39.5,-0.375,Europe/Madrid,30.4,22.3,26.7,0.0,0.0,0.0,14.9
recent_weather,2026-07-01T14:51:26+00:00,2509954,Valencia,ES,2026-06-29,39.5,-0.375,Europe/Madrid,32.2,22.9,27.8,0.0,0.0,0.0,13.7
recent_weather,2026-07-01T14:51:26+00:00,2509954,Valencia,ES,2026-06-30,39.5,-0.375,Europe/Madrid,33.3,23.6,28.5,0.0,0.0,0.0,15.5
recent_weather,2026-07-01T14:51:26+00:00,2509954,Valencia,ES,2026-07-01,39.5,-0.375,Europe/Madrid,30.9,24.8,28.0,0.0,0.0,0.0,17.4
recent_weather,2026-07-01T14:51:26+00:00,2510911,Seville,ES,2026-03-31,37.375,-6.0,Europe/Madrid,,,,,,,
recent_weather,2026-07-01T14:51:26+00:00,2510911,Seville,ES,2026-04-01,37.375,-6.0,Europe/Madrid,,,,,,,
recent_weather,2026-07-01T14:51:26+00:00,2510911,Seville,ES,2026-04-02,37.375,-6.0,Europe/Madrid,,,,,,,
recent_weather,2026-07-01T14:51:26+00:00,2510911,Seville,ES,2026-04-03,37.375,-6.0,Europe/Madrid,,,,,,,
recent_weather,2026-07-01T14:51:26+00:00,2510911,Seville,ES,2026-04-04,37.375,-6.0,Europe/Madrid,,,,,,,
recent_weather,2026-07-01T14:51:26+00:00,2510911,Seville,ES,2026-04-05,37.375,-6.0,Europe/Madrid,,,,,,,
recent_weather,2026-07-01T14:51:26+00:00,2510911,Seville,ES,2026-04-06,37.375,-6.0,Europe/Madrid,,,,,,,
recent_weather,2026-07-01T14:51:26+00:00,2510911,Seville,ES,2026-04-07,37.375,-6.0,Europe/Madrid,,,,,,,
recent_weather,2026-07-01T14:51:26+00:00,2510911,Seville,ES,2026-04-08,37.375,-6.0,Europe/Madrid,,,,,,,
recent_weather,2026-07-01T14:51:26+00:00,2510911,Seville,ES,2026-04-09,37.375,-6.0,Europe/Madrid,,,,,,,
recent_weather,2026-07-01T14:51:26+00:00,2510911,Seville,ES,2026-04-10,37.375,-6.0,Europe/Madrid,,,,,,,
recent_weather,2026-07-01T14:51:26+00:00,2510911,Seville,ES,2026-04-11,37.375,-6.0,Europe/Madrid,,,,,,,
recent_weather,2026-07-01T14:51:26+00:00,2510911,Seville,ES,2026-04-12,37.375,-6.0,Europe/Madrid,,,,,,,
recent_weather,2026-07-01T14:51:26+00:00,2510911,Seville,ES,2026-04-13,37.375,-6.0,Europe/Madrid,,,,,,,
recent_weather,2026-07-01T14:51:26+00:00,2510911,Seville,ES,2026-04-14,37.375,-6.0,Europe/Madrid,,,,,,,
recent_weather,2026-07-01T14:51:26+00:00,2510911,Seville,ES,2026-04-15,37.375,-6.0,Europe/Madrid,,,,,,,
recent_weather,2026-07-01T14:51:26+00:00,2510911,Seville,ES,2026-04-16,37.375,-6.0,Europe/Madrid,29.4,13.9,,,,,9.5
recent_weather,2026-07-01T14:51:26+00:00,2510911,Seville,ES,2026-04-17,37.375,-6.0,Europe/Madrid,30.3,14.5,22.9,0.0,0.0,0.0,9.3
recent_weather,2026-07-01T14:51:26+00:00,2510911,Seville,ES,2026-04-18,37.375,-6.0,Europe/Madrid,30.3,14.5,22.7,0.0,0.0,0.0,10.5
recent_weather,2026-07-01T14:51:26+00:00,2510911,Seville,ES,2026-04-19,37.375,-6.0,Europe/Madrid,29.9,14.8,22.4,0.0,0.0,0.0,13.7
recent_weather,2026-07-01T14:51:26+00:00,2510911,Seville,ES,2026-04-20,37.375,-6.0,Europe/Madrid,30.5,14.9,22.8,0.0,0.0,0.0,11.0
recent_weather,2026-07-01T14:51:26+00:00,2510911,Seville,ES,2026-04-21,37.375,-6.0,Europe/Madrid,28.3,15.7,21.5,0.4,0.0,0.0,24.5
recent_weather,2026-07-01T14:51:26+00:00,2510911,Seville,ES,2026-04-22,37.375,-6.0,Europe/Madrid,27.0,15.9,20.4,0.2,0.0,0.0,12.9
recent_weather,2026-07-01T14:51:26+00:00,2510911,Seville,ES,2026-04-23,37.375,-6.0,Europe/Madrid,27.9,14.1,20.0,0.1,0.0,0.0,15.9
recent_weather,2026-07-01T14:51:26+00:00,2510911,Seville,ES,2026-04-24,37.375,-6.0,Europe/Madrid,23.5,16.4,19.3,0.0,0.0,0.0,14.4
recent_weather,2026-07-01T14:51:26+00:00,2510911,Seville,ES,2026-04-25,37.375,-6.0,Europe/Madrid,24.1,16.1,19.1,5.0,2.9,0.0,14.2
recent_weather,2026-07-01T14:51:26+00:00,2510911,Seville,ES,2026-04-26,37.375,-6.0,Europe/Madrid,26.8,15.2,20.8,0.0,0.0,0.0,15.7
recent_weather,2026-07-01T14:51:26+00:00,2510911,Seville,ES,2026-04-27,37.375,-6.0,Europe/Madrid,28.2,15.8,22.0,0.0,0.0,0.0,17.0
recent_weather,2026-07-01T14:51:26+00:00,2510911,Seville,ES,2026-04-28,37.375,-6.0,Europe/Madrid,25.9,17.1,21.1,1.2,0.4,0.0,17.1
recent_weather,2026-07-01T14:51:26+00:00,2510911,Seville,ES,2026-04-29,37.375,-6.0,Europe/Madrid,20.2,15.7,18.5,4.7,1.9,0.0,18.9
recent_weather,2026-07-01T14:51:26+00:00,2510911,Seville,ES,2026-04-30,37.375,-6.0,Europe/Madrid,23.2,12.6,17.7,0.0,0.0,0.0,13.2
recent_weather,2026-07-01T14:51:26+00:00,2510911,Seville,ES,2026-05-01,37.375,-6.0,Europe/Madrid,26.7,13.2,19.1,0.0,0.0,0.0,14.0
recent_weather,2026-07-01T14:51:26+00:00,2510911,Seville,ES,2026-05-02,37.375,-6.0,Europe/Madrid,23.1,17.3,19.9,1.3,0.2,0.0,14.8
recent_weather,2026-07-01T14:51:26+00:00,2510911,Seville,ES,2026-05-03,37.375,-6.0,Europe/Madrid,24.3,15.6,19.1,0.9,0.1,0.0,19.3
recent_weather,2026-07-01T14:51:26+00:00,2510911,Seville,ES,2026-05-04,37.375,-6.0,Europe/Madrid,24.7,15.0,18.8,0.2,0.0,0.0,18.7
recent_weather,2026-07-01T14:51:26+00:00,2510911,Seville,ES,2026-05-05,37.375,-6.0,Europe/Madrid,25.2,10.9,18.5,0.0,0.0,0.0,10.0
recent_weather,2026-07-01T14:51:26+00:00,2510911,Seville,ES,2026-05-06,37.375,-6.0,Europe/Madrid,25.6,12.0,18.9,0.0,0.0,0.0,14.5
recent_weather,2026-07-01T14:51:26+00:00,2510911,Seville,ES,2026-05-07,37.375,-6.0,Europe/Madrid,24.2,12.3,18.1,0.0,0.0,0.0,17.0
recent_weather,2026-07-01T14:51:26+00:00,2510911,Seville,ES,2026-05-08,37.375,-6.0,Europe/Madrid,24.5,13.6,18.6,0.0,0.0,0.0,15.5
recent_weather,2026-07-01T14:51:26+00:00,2510911,Seville,ES,2026-05-09,37.375,-6.0,Europe/Madrid,20.3,15.0,17.2,11.2,0.0,0.0,20.9
recent_weather,2026-07-01T14:51:26+00:00,2510911,Seville,ES,2026-05-10,37.375,-6.0,Europe/Madrid,19.7,15.0,17.1,5.5,0.0,0.0,18.3
recent_weather,2026-07-01T14:51:26+00:00,2510911,Seville,ES,2026-05-11,37.375,-6.0,Europe/Madrid,23.4,12.6,17.8,0.0,0.0,0.0,14.8
recent_weather,2026-07-01T14:51:26+00:00,2510911,Seville,ES,2026-05-12,37.375,-6.0,Europe/Madrid,23.0,12.9,17.7,0.7,0.0,0.0,17.3
recent_weather,2026-07-01T14:51:26+00:00,2510911,Seville,ES,2026-05-13,37.375,-6.0,Europe/Madrid,24.9,13.6,18.9,0.0,0.0,0.0,13.2
recent_weather,2026-07-01T14:51:26+00:00,2510911,Seville,ES,2026-05-14,37.375,-6.0,Europe/Madrid,27.0,12.6,19.6,0.0,0.0,0.0,19.0
recent_weather,2026-07-01T14:51:26+00:00,2510911,Seville,ES,2026-05-15,37.375,-6.0,Europe/Madrid,25.7,12.9,19.6,0.0,0.0,0.0,13.0
recent_weather,2026-07-01T14:51:26+00:00,2510911,Seville,ES,2026-05-16,37.375,-6.0,Europe/Madrid,26.2,13.2,19.5,0.0,0.0,0.0,14.8
recent_weather,2026-07-01T14:51:26+00:00,2510911,Seville,ES,2026-05-17,37.375,-6.0,Europe/Madrid,25.3,13.5,19.7,0.0,0.0,0.0,17.2
recent_weather,2026-07-01T14:51:26+00:00,2510911,Seville,ES,2026-05-18,37.375,-6.0,Europe/Madrid,26.2,12.9,19.2,0.0,0.0,0.0,13.7
recent_weather,2026-07-01T14:51:26+00:00,2510911,Seville,ES,2026-05-19,37.375,-6.0,Europe/Madrid,29.5,12.7,21.0,0.0,0.0,0.0,8.9
recent_weather,2026-07-01T14:51:26+00:00,2510911,Seville,ES,2026-05-20,37.375,-6.0,Europe/Madrid,34.3,14.3,24.6,0.0,0.0,0.0,11.5
recent_weather,2026-07-01T14:51:26+00:00,2510911,Seville,ES,2026-05-21,37.375,-6.0,Europe/Madrid,36.2,17.3,26.6,0.0,0.0,0.0,14.1
recent_weather,2026-07-01T14:51:26+00:00,2510911,Seville,ES,2026-05-22,37.375,-6.0,Europe/Madrid,36.4,18.7,27.3,0.0,0.0,0.0,15.2
recent_weather,2026-07-01T14:51:26+00:00,2510911,Seville,ES,2026-05-23,37.375,-6.0,Europe/Madrid,35.7,18.9,27.4,0.0,0.0,0.0,10.6
recent_weather,2026-07-01T14:51:26+00:00,2510911,Seville,ES,2026-05-24,37.375,-6.0,Europe/Madrid,33.4,20.1,27.0,0.0,0.0,0.0,9.8
recent_weather,2026-07-01T14:51:26+00:00,2510911,Seville,ES,2026-05-25,37.375,-6.0,Europe/Madrid,33.9,18.9,26.4,0.0,0.0,0.0,9.8
recent_weather,2026-07-01T14:51:26+00:00,2510911,Seville,ES,2026-05-26,37.375,-6.0,Europe/Madrid,35.2,18.9,26.8,0.0,0.0,0.0,11.4
recent_weather,2026-07-01T14:51:26+00:00,2510911,Seville,ES,2026-05-27,37.375,-6.0,Europe/Madrid,35.7,19.3,27.4,0.0,0.0,0.0,14.8
recent_weather,2026-07-01T14:51:26+00:00,2510911,Seville,ES,2026-05-28,37.375,-6.0,Europe/Madrid,33.5,18.5,25.4,0.0,0.0,0.0,16.6
recent_weather,2026-07-01T14:51:26+00:00,2510911,Seville,ES,2026-05-29,37.375,-6.0,Europe/Madrid,34.9,17.1,25.4,0.0,0.0,0.0,13.3
recent_weather,2026-07-01T14:51:26+00:00,2510911,Seville,ES,2026-05-30,37.375,-6.0,Europe/Madrid,35.4,19.0,26.5,0.0,0.0,0.0,14.0
recent_weather,2026-07-01T14:51:26+00:00,2510911,Seville,ES,2026-05-31,37.375,-6.0,Europe/Madrid,37.9,19.1,27.9,0.0,0.0,0.0,11.0
recent_weather,2026-07-01T14:51:26+00:00,2510911,Seville,ES,2026-06-01,37.375,-6.0,Europe/Madrid,36.8,20.3,28.0,0.0,0.0,0.0,16.6
recent_weather,2026-07-01T14:51:26+00:00,2510911,Seville,ES,2026-06-02,37.375,-6.0,Europe/Madrid,34.3,19.1,26.3,0.0,0.0,0.0,14.8
recent_weather,2026-07-01T14:51:26+00:00,2510911,Seville,ES,2026-06-03,37.375,-6.0,Europe/Madrid,33.2,18.9,25.6,0.0,0.0,0.0,15.8
recent_weather,2026-07-01T14:51:26+00:00,2510911,Seville,ES,2026-06-04,37.375,-6.0,Europe/Madrid,33.4,19.8,25.7,0.0,0.0,0.0,14.2
recent_weather,2026-07-01T14:51:26+00:00,2510911,Seville,ES,2026-06-05,37.375,-6.0,Europe/Madrid,31.3,18.3,24.7,0.0,0.0,0.0,15.5
recent_weather,2026-07-01T14:51:26+00:00,2510911,Seville,ES,2026-06-06,37.375,-6.0,Europe/Madrid,32.4,17.3,24.9,0.0,0.0,0.0,7.3
recent_weather,2026-07-01T14:51:26+00:00,2510911,Seville,ES,2026-06-07,37.375,-6.0,Europe/Madrid,34.0,18.0,25.7,0.0,0.0,0.0,15.0
recent_weather,2026-07-01T14:51:26+00:00,2510911,Seville,ES,2026-06-08,37.375,-6.0,Europe/Madrid,34.5,19.7,26.5,0.0,0.0,0.0,14.8
recent_weather,2026-07-01T14:51:26+00:00,2510911,Seville,ES,2026-06-09,37.375,-6.0,Europe/Madrid,35.3,19.4,26.9,0.0,0.0,0.0,15.5
recent_weather,2026-07-01T14:51:26+00:00,2510911,Seville,ES,2026-06-10,37.375,-6.0,Europe/Madrid,34.7,18.8,26.1,0.0,0.0,0.0,14.0
recent_weather,2026-07-01T14:51:26+00:00,2510911,Seville,ES,2026-06-11,37.375,-6.0,Europe/Madrid,35.9,20.7,27.8,0.0,0.0,0.0,13.2
recent_weather,2026-07-01T14:51:26+00:00,2510911,Seville,ES,2026-06-12,37.375,-6.0,Europe/Madrid,36.3,22.0,29.1,0.0,0.0,0.0,17.4
recent_weather,2026-07-01T14:51:26+00:00,2510911,Seville,ES,2026-06-13,37.375,-6.0,Europe/Madrid,34.4,20.6,27.5,0.0,0.0,0.0,13.1
recent_weather,2026-07-01T14:51:26+00:00,2510911,Seville,ES,2026-06-14,37.375,-6.0,Europe/Madrid,28.6,20.6,24.3,0.0,0.0,0.0,17.2
recent_weather,2026-07-01T14:51:26+00:00,2510911,Seville,ES,2026-06-15,37.375,-6.0,Europe/Madrid,32.2,18.9,24.2,0.1,0.0,0.0,15.2
recent_weather,2026-07-01T14:51:26+00:00,2510911,Seville,ES,2026-06-16,37.375,-6.0,Europe/Madrid,34.3,19.1,25.7,0.0,0.0,0.0,14.3
recent_weather,2026-07-01T14:51:26+00:00,2510911,Seville,ES,2026-06-17,37.375,-6.0,Europe/Madrid,37.5,21.3,28.4,0.0,0.0,0.0,18.0
recent_weather,2026-07-01T14:51:26+00:00,2510911,Seville,ES,2026-06-18,37.375,-6.0,Europe/Madrid,36.7,23.1,28.8,0.0,0.0,0.0,15.2
recent_weather,2026-07-01T14:51:26+00:00,2510911,Seville,ES,2026-06-19,37.375,-6.0,Europe/Madrid,35.6,21.8,27.7,0.0,0.0,0.0,15.3
recent_weather,2026-07-01T14:51:26+00:00,2510911,Seville,ES,2026-06-20,37.375,-6.0,Europe/Madrid,37.3,22.2,28.6,0.0,0.0,0.0,16.5
recent_weather,2026-07-01T14:51:26+00:00,2510911,Seville,ES,2026-06-21,37.375,-6.0,Europe/Madrid,36.5,22.3,28.8,0.0,0.0,0.0,16.9
recent_weather,2026-07-01T14:51:26+00:00,2510911,Seville,ES,2026-06-22,37.375,-6.0,Europe/Madrid,34.9,23.1,28.4,0.0,0.0,0.0,11.6
recent_weather,2026-07-01T14:51:26+00:00,2510911,Seville,ES,2026-06-23,37.375,-6.0,Europe/Madrid,33.8,22.5,27.9,0.0,0.0,0.0,13.8
recent_weather,2026-07-01T14:51:26+00:00,2510911,Seville,ES,2026-06-24,37.375,-6.0,Europe/Madrid,33.7,21.6,26.6,0.0,0.0,0.0,17.4
recent_weather,2026-07-01T14:51:26+00:00,2510911,Seville,ES,2026-06-25,37.375,-6.0,Europe/Madrid,29.5,20.2,24.3,0.0,0.0,0.0,16.5
recent_weather,2026-07-01T14:51:26+00:00,2510911,Seville,ES,2026-06-26,37.375,-6.0,Europe/Madrid,33.1,19.8,25.5,0.0,0.0,0.0,13.0
recent_weather,2026-07-01T14:51:26+00:00,2510911,Seville,ES,2026-06-27,37.375,-6.0,Europe/Madrid,34.9,19.8,26.8,0.0,0.0,0.0,11.4
recent_weather,2026-07-01T14:51:26+00:00,2510911,Seville,ES,2026-06-28,37.375,-6.0,Europe/Madrid,36.0,21.4,28.0,0.0,0.0,0.0,17.0
recent_weather,2026-07-01T14:51:26+00:00,2510911,Seville,ES,2026-06-29,37.375,-6.0,Europe/Madrid,38.4,20.9,28.8,0.0,0.0,0.0,16.6
recent_weather,2026-07-01T14:51:26+00:00,2510911,Seville,ES,2026-06-30,37.375,-6.0,Europe/Madrid,39.0,21.9,30.0,0.0,0.0,0.0,17.2
recent_weather,2026-07-01T14:51:26+00:00,2510911,Seville,ES,2026-07-01,37.375,-6.0,Europe/Madrid,41.8,23.9,32.0,0.0,0.0,0.0,18.9
recent_weather,2026-07-01T14:51:26+00:00,3128026,Bilbao,ES,2026-03-31,43.26,-2.9300003,Europe/Madrid,,,,,,,
recent_weather,2026-07-01T14:51:26+00:00,3128026,Bilbao,ES,2026-04-01,43.26,-2.9300003,Europe/Madrid,,,,,,,
recent_weather,2026-07-01T14:51:26+00:00,3128026,Bilbao,ES,2026-04-02,43.26,-2.9300003,Europe/Madrid,,,,,,,
recent_weather,2026-07-01T14:51:26+00:00,3128026,Bilbao,ES,2026-04-03,43.26,-2.9300003,Europe/Madrid,,,,,,,
recent_weather,2026-07-01T14:51:26+00:00,3128026,Bilbao,ES,2026-04-04,43.26,-2.9300003,Europe/Madrid,,,,,,,
recent_weather,2026-07-01T14:51:26+00:00,3128026,Bilbao,ES,2026-04-05,43.26,-2.9300003,Europe/Madrid,,,,,,,
recent_weather,2026-07-01T14:51:26+00:00,3128026,Bilbao,ES,2026-04-06,43.26,-2.9300003,Europe/Madrid,,,,,,,
recent_weather,2026-07-01T14:51:26+00:00,3128026,Bilbao,ES,2026-04-07,43.26,-2.9300003,Europe/Madrid,,,,,,,
recent_weather,2026-07-01T14:51:26+00:00,3128026,Bilbao,ES,2026-04-08,43.26,-2.9300003,Europe/Madrid,,,,,,,
recent_weather,2026-07-01T14:51:26+00:00,3128026,Bilbao,ES,2026-04-09,43.26,-2.9300003,Europe/Madrid,,,,,,,
recent_weather,2026-07-01T14:51:26+00:00,3128026,Bilbao,ES,2026-04-10,43.26,-2.9300003,Europe/Madrid,,,,,,,
recent_weather,2026-07-01T14:51:26+00:00,3128026,Bilbao,ES,2026-04-11,43.26,-2.9300003,Europe/Madrid,,,,,,,
recent_weather,2026-07-01T14:51:26+00:00,3128026,Bilbao,ES,2026-04-12,43.26,-2.9300003,Europe/Madrid,,,,,,,
recent_weather,2026-07-01T14:51:26+00:00,3128026,Bilbao,ES,2026-04-13,43.26,-2.9300003,Europe/Madrid,,,,,,,
recent_weather,2026-07-01T14:51:26+00:00,3128026,Bilbao,ES,2026-04-14,43.26,-2.9300003,Europe/Madrid,,,,,,,
recent_weather,2026-07-01T14:51:26+00:00,3128026,Bilbao,ES,2026-04-15,43.26,-2.9300003,Europe/Madrid,,,,,,,
recent_weather,2026-07-01T14:51:26+00:00,3128026,Bilbao,ES,2026-04-16,43.26,-2.9300003,Europe/Madrid,21.7,10.3,,,,,12.5
recent_weather,2026-07-01T14:51:26+00:00,3128026,Bilbao,ES,2026-04-17,43.26,-2.9300003,Europe/Madrid,20.5,10.1,14.5,0.0,0.0,0.0,13.3
recent_weather,2026-07-01T14:51:26+00:00,3128026,Bilbao,ES,2026-04-18,43.26,-2.9300003,Europe/Madrid,17.7,11.6,14.3,0.3,0.0,0.0,12.6
recent_weather,2026-07-01T14:51:26+00:00,3128026,Bilbao,ES,2026-04-19,43.26,-2.9300003,Europe/Madrid,21.8,11.7,16.0,13.7,3.5,0.0,8.8
recent_weather,2026-07-01T14:51:26+00:00,3128026,Bilbao,ES,2026-04-20,43.26,-2.9300003,Europe/Madrid,24.3,13.2,17.3,0.3,0.0,0.0,11.4
recent_weather,2026-07-01T14:51:26+00:00,3128026,Bilbao,ES,2026-04-21,43.26,-2.9300003,Europe/Madrid,29.7,12.9,19.6,0.4,0.0,0.0,18.2
recent_weather,2026-07-01T14:51:26+00:00,3128026,Bilbao,ES,2026-04-22,43.26,-2.9300003,Europe/Madrid,20.2,13.0,16.3,0.0,0.0,0.0,17.3
recent_weather,2026-07-01T14:51:26+00:00,3128026,Bilbao,ES,2026-04-23,43.26,-2.9300003,Europe/Madrid,27.7,8.0,17.5,0.0,0.0,0.0,11.0
recent_weather,2026-07-01T14:51:26+00:00,3128026,Bilbao,ES,2026-04-24,43.26,-2.9300003,Europe/Madrid,22.1,15.1,17.9,0.7,0.5,0.0,16.8
recent_weather,2026-07-01T14:51:26+00:00,3128026,Bilbao,ES,2026-04-25,43.26,-2.9300003,Europe/Madrid,19.4,12.5,15.4,0.0,0.0,0.0,12.4
recent_weather,2026-07-01T14:51:26+00:00,3128026,Bilbao,ES,2026-04-26,43.26,-2.9300003,Europe/Madrid,20.3,12.4,15.7,0.0,0.0,0.0,12.4
recent_weather,2026-07-01T14:51:26+00:00,3128026,Bilbao,ES,2026-04-27,43.26,-2.9300003,Europe/Madrid,19.4,11.9,15.4,0.8,0.4,0.0,11.4
recent_weather,2026-07-01T14:51:26+00:00,3128026,Bilbao,ES,2026-04-28,43.26,-2.9300003,Europe/Madrid,20.8,14.6,16.9,0.2,0.0,0.0,14.2
recent_weather,2026-07-01T14:51:26+00:00,3128026,Bilbao,ES,2026-04-29,43.26,-2.9300003,Europe/Madrid,22.7,14.3,17.0,17.2,5.0,0.0,13.3
recent_weather,2026-07-01T14:51:26+00:00,3128026,Bilbao,ES,2026-04-30,43.26,-2.9300003,Europe/Madrid,20.9,13.8,17.3,0.2,0.0,0.0,13.3
recent_weather,2026-07-01T14:51:26+00:00,3128026,Bilbao,ES,2026-05-01,43.26,-2.9300003,Europe/Madrid,25.1,13.7,18.3,2.5,0.0,0.0,10.0
recent_weather,2026-07-01T14:51:26+00:00,3128026,Bilbao,ES,2026-05-02,43.26,-2.9300003,Europe/Madrid,20.0,14.1,17.7,5.7,2.3,0.0,15.5
recent_weather,2026-07-01T14:51:26+00:00,3128026,Bilbao,ES,2026-05-03,43.26,-2.9300003,Europe/Madrid,21.1,13.1,15.8,11.6,11.3,0.0,13.0
recent_weather,2026-07-01T14:51:26+00:00,3128026,Bilbao,ES,2026-05-04,43.26,-2.9300003,Europe/Madrid,15.8,12.6,13.8,8.8,8.8,0.0,16.5
recent_weather,2026-07-01T14:51:26+00:00,3128026,Bilbao,ES,2026-05-05,43.26,-2.9300003,Europe/Madrid,15.9,10.6,13.3,20.2,26.1,0.0,15.5
recent_weather,2026-07-01T14:51:26+00:00,3128026,Bilbao,ES,2026-05-06,43.26,-2.9300003,Europe/Madrid,16.8,11.9,14.3,1.4,1.7,0.0,16.1
recent_weather,2026-07-01T14:51:26+00:00,3128026,Bilbao,ES,2026-05-07,43.26,-2.9300003,Europe/Madrid,21.2,10.1,15.5,0.0,0.0,0.0,12.4
recent_weather,2026-07-01T14:51:26+00:00,3128026,Bilbao,ES,2026-05-08,43.26,-2.9300003,Europe/Madrid,23.4,13.9,17.4,9.8,9.8,0.0,17.6
recent_weather,2026-07-01T14:51:26+00:00,3128026,Bilbao,ES,2026-05-09,43.26,-2.9300003,Europe/Madrid,23.9,15.4,18.7,1.7,1.7,0.0,23.2
recent_weather,2026-07-01T14:51:26+00:00,3128026,Bilbao,ES,2026-05-10,43.26,-2.9300003,Europe/Madrid,21.5,15.6,17.9,3.7,3.7,0.0,21.3
recent_weather,2026-07-01T14:51:26+00:00,3128026,Bilbao,ES,2026-05-11,43.26,-2.9300003,Europe/Madrid,20.9,12.8,16.3,7.2,7.2,0.0,18.0
recent_weather,2026-07-01T14:51:26+00:00,3128026,Bilbao,ES,2026-05-12,43.26,-2.9300003,Europe/Madrid,18.0,12.7,15.1,1.4,1.4,0.0,13.4
recent_weather,2026-07-01T14:51:26+00:00,3128026,Bilbao,ES,2026-05-13,43.26,-2.9300003,Europe/Madrid,17.5,12.8,14.8,1.3,1.3,0.0,19.9
recent_weather,2026-07-01T14:51:26+00:00,3128026,Bilbao,ES,2026-05-14,43.26,-2.9300003,Europe/Madrid,16.2,13.0,14.1,5.4,5.4,0.0,19.3
recent_weather,2026-07-01T14:51:26+00:00,3128026,Bilbao,ES,2026-05-15,43.26,-2.9300003,Europe/Madrid,15.1,10.9,13.3,29.4,29.4,0.0,21.6
recent_weather,2026-07-01T14:51:26+00:00,3128026,Bilbao,ES,2026-05-16,43.26,-2.9300003,Europe/Madrid,17.7,10.8,14.2,4.9,4.9,0.0,13.3
recent_weather,2026-07-01T14:51:26+00:00,3128026,Bilbao,ES,2026-05-17,43.26,-2.9300003,Europe/Madrid,17.8,11.8,15.0,0.1,0.1,0.0,14.2
recent_weather,2026-07-01T14:51:26+00:00,3128026,Bilbao,ES,2026-05-18,43.26,-2.9300003,Europe/Madrid,20.7,12.6,16.3,0.0,0.0,0.0,10.6
recent_weather,2026-07-01T14:51:26+00:00,3128026,Bilbao,ES,2026-05-19,43.26,-2.9300003,Europe/Madrid,26.4,14.7,19.8,0.0,0.0,0.0,13.8
recent_weather,2026-07-01T14:51:26+00:00,3128026,Bilbao,ES,2026-05-20,43.26,-2.9300003,Europe/Madrid,24.9,16.4,20.4,0.0,0.0,0.0,15.0
recent_weather,2026-07-01T14:51:26+00:00,3128026,Bilbao,ES,2026-05-21,43.26,-2.9300003,Europe/Madrid,34.8,17.5,25.4,0.0,0.0,0.0,11.7
recent_weather,2026-07-01T14:51:26+00:00,3128026,Bilbao,ES,2026-05-22,43.26,-2.9300003,Europe/Madrid,37.1,20.3,28.0,0.0,0.0,0.0,11.9
recent_weather,2026-07-01T14:51:26+00:00,3128026,Bilbao,ES,2026-05-23,43.26,-2.9300003,Europe/Madrid,28.1,20.0,23.9,0.0,0.0,0.0,11.8
recent_weather,2026-07-01T14:51:26+00:00,3128026,Bilbao,ES,2026-05-24,43.26,-2.9300003,Europe/Madrid,30.6,19.9,24.8,0.0,0.0,0.0,10.2
recent_weather,2026-07-01T14:51:26+00:00,3128026,Bilbao,ES,2026-05-25,43.26,-2.9300003,Europe/Madrid,36.7,24.0,30.5,0.0,0.0,0.0,17.5
recent_weather,2026-07-01T14:51:26+00:00,3128026,Bilbao,ES,2026-05-26,43.26,-2.9300003,Europe/Madrid,37.7,23.8,30.0,0.0,0.0,0.0,14.8
recent_weather,2026-07-01T14:51:26+00:00,3128026,Bilbao,ES,2026-05-27,43.26,-2.9300003,Europe/Madrid,33.4,20.7,27.2,0.0,0.0,0.0,11.3
recent_weather,2026-07-01T14:51:26+00:00,3128026,Bilbao,ES,2026-05-28,43.26,-2.9300003,Europe/Madrid,36.4,21.8,27.8,0.0,0.0,0.0,11.3
recent_weather,2026-07-01T14:51:26+00:00,3128026,Bilbao,ES,2026-05-29,43.26,-2.9300003,Europe/Madrid,25.1,18.9,21.3,0.0,0.0,0.0,14.6
recent_weather,2026-07-01T14:51:26+00:00,3128026,Bilbao,ES,2026-05-30,43.26,-2.9300003,Europe/Madrid,22.3,18.7,20.0,0.0,0.0,0.0,14.3
recent_weather,2026-07-01T14:51:26+00:00,3128026,Bilbao,ES,2026-05-31,43.26,-2.9300003,Europe/Madrid,23.4,16.7,19.8,0.0,0.0,0.0,11.8
recent_weather,2026-07-01T14:51:26+00:00,3128026,Bilbao,ES,2026-06-01,43.26,-2.9300003,Europe/Madrid,26.4,14.6,20.0,0.0,0.0,0.0,14.1
recent_weather,2026-07-01T14:51:26+00:00,3128026,Bilbao,ES,2026-06-02,43.26,-2.9300003,Europe/Madrid,21.1,18.0,19.3,0.4,0.4,0.0,19.2
recent_weather,2026-07-01T14:51:26+00:00,3128026,Bilbao,ES,2026-06-03,43.26,-2.9300003,Europe/Madrid,25.9,16.3,20.2,0.0,0.0,0.0,14.6
recent_weather,2026-07-01T14:51:26+00:00,3128026,Bilbao,ES,2026-06-04,43.26,-2.9300003,Europe/Madrid,19.8,16.3,18.1,5.4,5.4,0.0,13.0
recent_weather,2026-07-01T14:51:26+00:00,3128026,Bilbao,ES,2026-06-05,43.26,-2.9300003,Europe/Madrid,22.2,14.1,17.8,0.0,0.0,0.0,12.1
recent_weather,2026-07-01T14:51:26+00:00,3128026,Bilbao,ES,2026-06-06,43.26,-2.9300003,Europe/Madrid,20.1,15.4,18.1,0.2,0.2,0.0,14.2
recent_weather,2026-07-01T14:51:26+00:00,3128026,Bilbao,ES,2026-06-07,43.26,-2.9300003,Europe/Madrid,26.6,14.9,19.9,0.0,0.0,0.0,19.4
recent_weather,2026-07-01T14:51:26+00:00,3128026,Bilbao,ES,2026-06-08,43.26,-2.9300003,Europe/Madrid,21.0,17.7,19.1,0.0,0.0,0.0,12.2
recent_weather,2026-07-01T14:51:26+00:00,3128026,Bilbao,ES,2026-06-09,43.26,-2.9300003,Europe/Madrid,20.0,16.7,18.1,0.8,0.8,0.0,14.1
recent_weather,2026-07-01T14:51:26+00:00,3128026,Bilbao,ES,2026-06-10,43.26,-2.9300003,Europe/Madrid,20.5,14.3,17.5,0.0,0.0,0.0,16.7
recent_weather,2026-07-01T14:51:26+00:00,3128026,Bilbao,ES,2026-06-11,43.26,-2.9300003,Europe/Madrid,23.7,14.1,18.6,0.0,0.0,0.0,11.6
recent_weather,2026-07-01T14:51:26+00:00,3128026,Bilbao,ES,2026-06-12,43.26,-2.9300003,Europe/Madrid,25.8,14.5,20.5,0.0,0.0,0.0,13.3
recent_weather,2026-07-01T14:51:26+00:00,3128026,Bilbao,ES,2026-06-13,43.26,-2.9300003,Europe/Madrid,35.0,16.7,26.3,0.0,0.0,0.0,15.7
recent_weather,2026-07-01T14:51:26+00:00,3128026,Bilbao,ES,2026-06-14,43.26,-2.9300003,Europe/Madrid,34.0,23.0,28.0,0.0,0.0,0.0,12.2
recent_weather,2026-07-01T14:51:26+00:00,3128026,Bilbao,ES,2026-06-15,43.26,-2.9300003,Europe/Madrid,27.7,20.3,23.6,0.0,0.0,0.0,17.3
recent_weather,2026-07-01T14:51:26+00:00,3128026,Bilbao,ES,2026-06-16,43.26,-2.9300003,Europe/Madrid,27.4,18.6,22.1,0.0,0.0,0.0,15.6
recent_weather,2026-07-01T14:51:26+00:00,3128026,Bilbao,ES,2026-06-17,43.26,-2.9300003,Europe/Madrid,28.0,19.6,22.7,0.0,0.0,0.0,15.8
recent_weather,2026-07-01T14:51:26+00:00,3128026,Bilbao,ES,2026-06-18,43.26,-2.9300003,Europe/Madrid,36.8,20.7,24.9,0.4,0.4,0.0,14.6
recent_weather,2026-07-01T14:51:26+00:00,3128026,Bilbao,ES,2026-06-19,43.26,-2.9300003,Europe/Madrid,27.5,20.1,23.2,2.2,2.2,0.0,14.4
recent_weather,2026-07-01T14:51:26+00:00,3128026,Bilbao,ES,2026-06-20,43.26,-2.9300003,Europe/Madrid,32.8,20.6,24.1,0.0,0.0,0.0,16.1
recent_weather,2026-07-01T14:51:26+00:00,3128026,Bilbao,ES,2026-06-21,43.26,-2.9300003,Europe/Madrid,40.9,21.0,29.7,0.0,0.0,0.0,11.6
recent_weather,2026-07-01T14:51:26+00:00,3128026,Bilbao,ES,2026-06-22,43.26,-2.9300003,Europe/Madrid,37.6,23.6,30.7,0.0,0.0,0.0,13.0
recent_weather,2026-07-01T14:51:26+00:00,3128026,Bilbao,ES,2026-06-23,43.26,-2.9300003,Europe/Madrid,42.2,26.0,32.9,0.0,0.0,0.0,9.9
recent_weather,2026-07-01T14:51:26+00:00,3128026,Bilbao,ES,2026-06-24,43.26,-2.9300003,Europe/Madrid,43.4,26.7,35.1,0.0,0.0,0.0,19.7
recent_weather,2026-07-01T14:51:26+00:00,3128026,Bilbao,ES,2026-06-25,43.26,-2.9300003,Europe/Madrid,36.4,22.5,26.5,13.7,13.7,0.0,26.6
recent_weather,2026-07-01T14:51:26+00:00,3128026,Bilbao,ES,2026-06-26,43.26,-2.9300003,Europe/Madrid,35.1,21.7,26.5,0.0,0.0,0.0,22.7
recent_weather,2026-07-01T14:51:26+00:00,3128026,Bilbao,ES,2026-06-27,43.26,-2.9300003,Europe/Madrid,28.6,22.5,24.5,0.0,0.0,0.0,14.7
recent_weather,2026-07-01T14:51:26+00:00,3128026,Bilbao,ES,2026-06-28,43.26,-2.9300003,Europe/Madrid,23.3,21.6,22.5,3.3,3.3,0.0,13.0
recent_weather,2026-07-01T14:51:26+00:00,3128026,Bilbao,ES,2026-06-29,43.26,-2.9300003,Europe/Madrid,24.8,19.8,22.2,1.4,1.4,0.0,14.2
recent_weather,2026-07-01T14:51:26+00:00,3128026,Bilbao,ES,2026-06-30,43.26,-2.9300003,Europe/Madrid,24.8,19.6,21.9,0.0,0.0,0.0,13.5
recent_weather,2026-07-01T14:51:26+00:00,3128026,Bilbao,ES,2026-07-01,43.26,-2.9300003,Europe/Madrid,24.1,20.3,21.7,0.0,0.0,0.0,18.4
